037c14ba67a3452,3428147489
037c14ba67a3452,3431228181
037c14ba67a3452,3397052548
037c14ba67a3452,3309321420
037c14ba67a3452,465786862
037c14ba67a3452,250880224
037c14ba67a3452,3404967345
037c14ba67a3452,3436054397
037c14ba67a3452,3326367974
037c14ba67a3452,3157153202
037c14ba67a3452,3276765391
037c14ba67a3452,3386105291
037c14ba67a3452,3432136012
037c14ba67a3452,3306786043
037c14ba67a3452,546113487
037c14ba67a3452,3431964400
037c14ba67a3452,3433132354
037c14ba67a3452,3157955966
037c14ba67a3452,1642211850
037c14ba67a3452,3321430039
037c14ba67a3452,3427691613
037c14ba67a3452,3138732542
037c14ba67a3452,3298451542
037c14ba67a3452,3365866857
037c14ba67a3452,3338019664
037c14ba67a3452,3349846005
037c14ba67a3452,3393699515
037c14ba67a3452,3359452637
037c14ba67a3452,3432584355
037c14ba67a3452,3316839894
037c14ba67a3452,3321657098
037c14ba67a3452,3418061961
037c14ba67a3452,3294782719
037c14ba67a3452,3432721773
037c14ba67a3452,3385626195
037c14ba67a3452,3428650115
037c14ba67a3452,3434128113
037c14ba67a3452,3400097615
037c14ba67a3452,3427131227
037c14ba67a3452,3279393289
037c14ba67a3452,3318031982
037c14ba67a3452,3407008371
037c14ba67a3452,3174494945
037c14ba67a3452,3301703011
037c14ba67a3452,3428290492
037c14ba67a3452,3321400644
037c14ba67a3452,3434469483
037c14ba67a3452,3422383937
037c14ba67a3452,3425096380
037c14ba67a3452,902846136
037c14ba67a3452,3213631999
037c14ba67a3452,3343268369
037c14ba67a3452,3269435635
037c14ba67a3452,3254872644
037c14ba67a3452,3253949054
037c14ba67a3452,3280100833
037c14ba67a3452,3045656814
037c14ba67a3452,3297507993
037c14ba67a3452,3219565836
037c14ba67a3452,3258013567
037c14ba67a3452,2597893100
037c14ba67a3452,3381257080
037c14ba67a3452,3002520951
037c14ba67a3452,3271592966
037c14ba67a3452,3348116619
037c14ba67a3452,372361577
037c14ba67a3452,3312473972
037c14ba67a3452,2230528957
037c14ba67a3452,3257050668
037c14ba67a3452,3244074124
037c14ba67a3452,510277837
037c14ba67a3452,3266592811
037c14ba67a3452,3414847168
037c14ba67a3452,3240922305
037c14ba67a3452,3165809779
037c14ba67a3452,3424819708
037c14ba67a3452,3220803512
037c14ba67a3452,3421006366
037c14ba67a3452,3239038868
037c14ba67a3452,3400049476
037c14ba67a3452,3315181758
037c14ba67a3452,3425523131
037c14ba67a3452,1390688994
037c14ba67a3452,3086239199
037c14ba67a3452,3422903008
037c14ba67a3452,3404075602
037c14ba67a3452,3275157726
037c14ba67a3452,3310974571
037c14ba67a3452,1445851939
037c14ba67a3452,3272812472
037c14ba67a3452,3300260975
037c14ba67a3452,3313554914
037c14ba67a3452,3318234368
037c14ba67a3452,3294046172
037c14ba67a3452,3304627459
037c14ba67a3452,3013879260
037c14ba67a3452,2238072536
037c14ba67a3452,2371534080
037c14ba67a3452,3291132242
037c14ba67a3452,3282892970
037c14ba67a3452,3313776639
037c14ba67a3452,3296973104
037c14ba67a3452,3274845036
037c14ba67a3452,3379322122
037c14ba67a3452,1170895597
037c14ba67a3452,3220418161
037c14ba67a3452,3314777055
037c14ba67a3452,1680109357
037c14ba67a3452,3282957618
037c14ba67a3452,3131750829
037c14ba67a3452,3267157783
037c14ba67a3452,2208420021
037c14ba67a3452,3243817408
037c14ba67a3452,719155614
037c14ba67a3452,3299754509
037c14ba67a3452,295379740
037c14ba67a3452,3290514632
037c14ba67a3452,2156131210
037c14ba67a3452,3228820418
037c14ba67a3452,759374389
037c14ba67a3452,3177092829
037c14ba67a3452,3259387886
037c14ba67a3452,3096298607
037c14ba67a3452,927705926
037c14ba67a3452,3249881660
037c14ba67a3452,3150264930
037c14ba67a3452,3165713469
037c14ba67a3452,3295488946
037c14ba67a3452,536485550
037c14ba67a3452,2858224494
037c14ba67a3452,14159148
037c14ba67a3452,3346929465
037c14ba67a3452,3288492785
037c14ba67a3452,382586393
037c14ba67a3452,3213934994
037c14ba67a3452,17570810
037c14ba67a3452,3193545960
037c14ba67a3452,487118986
037c14ba67a3452,3260123431
037c14ba67a3452,3356900531
037c14ba67a3452,3226507688
037c14ba67a3452,3297516877
037c14ba67a3452,3296946990
037c14ba67a3452,2778739286
037c14ba67a3452,3104413482
037c14ba67a3452,3360486809
037c14ba67a3452,3286279016
037c14ba67a3452,3138992096
037c14ba67a3452,2792921668
037c14ba67a3452,3297196813
037c14ba67a3452,2877912998
037c14ba67a3452,3291001370
037c14ba67a3452,3295633710
037c14ba67a3452,3301451993
037c14ba67a3452,3277795411
037c14ba67a3452,3273290538
037c14ba67a3452,3298217538
037c14ba67a3452,3346256686
037c14ba67a3452,3300807665
037c14ba67a3452,3387919911
037c14ba67a3452,3370019128
037c14ba67a3452,3298485991
037c14ba67a3452,3284706018
037c14ba67a3452,3224151962
037c14ba67a3452,3268450524
037c14ba67a3452,3295209458
037c14ba67a3452,3236040021
037c14ba67a3452,2224999836
037c14ba67a3452,3154740090
037c14ba67a3452,3143333466
037c14ba67a3452,2736966026
037c14ba67a3452,3156821640
037c14ba67a3452,3179934940
037c14ba67a3452,943238942
037c14ba67a3452,3283157863
037c14ba67a3452,3008695787
037c14ba67a3452,3278584278
037c14ba67a3452,3187199373
037c14ba67a3452,3293076316
037c14ba67a3452,3242280400
037c14ba67a3452,3331476923
037c14ba67a3452,3389598311
037c14ba67a3452,2761733792
037c14ba67a3452,2508627710
037c14ba67a3452,3074963009
037c14ba67a3452,2780249874
037c14ba67a3452,3289333477
037c14ba67a3452,3092244657
037c14ba67a3452,1480072368
037c14ba67a3452,3110189357
037c14ba67a3452,1373268864
037c14ba67a3452,3164432474
037c14ba67a3452,3303579561
037c14ba67a3452,3291227566
037c14ba67a3452,1599326184
037c14ba67a3452,3210286485
037c14ba67a3452,3185194195
037c14ba67a3452,2524774394
037c14ba67a3452,2902056490
037c14ba67a3452,2547795564
037c14ba67a3452,394773924
037c14ba67a3452,2739989075
037c14ba67a3452,492843560
037c14ba67a3452,831573674
037c14ba67a3452,831822103
037c14ba67a3452,2867311375
037c14ba67a3452,3209153116
037c14ba67a3452,2754756650
037c14ba67a3452,3297184143
037c14ba67a3452,409546524
037c14ba67a3452,468990681
037c14ba67a3452,3363309123
037c14ba67a3452,1870790622
037c14ba67a3452,3368112255
037c14ba67a3452,714805561
037c14ba67a3452,458536417
037c14ba67a3452,601136360
037c14ba67a3452,3021556010
037c14ba67a3452,3256840145
037c14ba67a3452,361805158
037c14ba67a3452,2198336131
037c14ba67a3452,3327682642
037c14ba67a3452,3346768583
037c14ba67a3452,462261419
037c14ba67a3452,473472433
037c14ba67a3452,288581559
037c14ba67a3452,245894147
037c14ba67a3452,1107625302
037c14ba67a3452,3043373481
037c14ba67a3452,421833028
037c14ba67a3452,3236995754
037c14ba67a3452,3364707575
037c14ba67a3452,3245149337
037c14ba67a3452,3194464222
037c14ba67a3452,3284289896
037c14ba67a3452,3158598233
037c14ba67a3452,3283294939
037c14ba67a3452,3384146553
037c14ba67a3452,3307492311
037c14ba67a3452,3177869365
037c14ba67a3452,3359501788
037c14ba67a3452,3374209504
037c14ba67a3452,2367688949
037c14ba67a3452,3370540857
037c14ba67a3452,3280630026
037c14ba67a3452,2802336854
037c14ba67a3452,202781485
037c14ba67a3452,1930624009
037c14ba67a3452,596025144
037c14ba67a3452,3274693790
037c14ba67a3452,344128806
037c14ba67a3452,3298415667
037c14ba67a3452,54296198
037c14ba67a3452,3278933358
037c14ba67a3452,3108351
037c14ba67a3452,39630328
037c14ba67a3452,5988062
037c14ba67a3452,2817937802
037c14ba67a3452,49374026
037c14ba67a3452,2919789517
037c14ba67a3452,2436940769
037c14ba67a3452,2097571
037c14ba67a3452,759251
037c14ba67a3452,100607846
037c14ba67a3452,3377378657
037c14ba67a3452,3237071053
037c14ba67a3452,287801690
037c14ba67a3452,1378208815
037c14ba67a3452,3365134851
037c14ba67a3452,329586244
037c14ba67a3452,3247700796
037c14ba67a3452,290978136
037c14ba67a3452,3306937360
037c14ba67a3452,3307563844
037c14ba67a3452,3268935500
037c14ba67a3452,3157120274
037c14ba67a3452,3371227551
037c14ba67a3452,288019270
037c14ba67a3452,3080296754
037c14ba67a3452,367705161
037c14ba67a3452,3158502742
037c14ba67a3452,3159746232
037c14ba67a3452,1631349031
037c14ba67a3452,3370628381
037c14ba67a3452,3135030521
037c14ba67a3452,2659155482
037c14ba67a3452,3219638630
037c14ba67a3452,3225122175
037c14ba67a3452,3143575744
037c14ba67a3452,2465396702
037c14ba67a3452,2987133280
037c14ba67a3452,3248106842
037c14ba67a3452,2998825188
037c14ba67a3452,3119656109
037c14ba67a3452,3370932929
037c14ba67a3452,3347939086
037c14ba67a3452,3100639667
037c14ba67a3452,1494074910
037c14ba67a3452,351324988
037c14ba67a3452,3321539873
037c14ba67a3452,3298498317
037c14ba67a3452,115404219
037c14ba67a3452,3253973948
037c14ba67a3452,3354403575
037c14ba67a3452,3012398058
037c14ba67a3452,2838937692
037c14ba67a3452,3364774084
037c14ba67a3452,3228575506
037c14ba67a3452,3265609938
037c14ba67a3452,3188423037
037c14ba67a3452,3133729231
037c14ba67a3452,3236223950
037c14ba67a3452,242245578
037c14ba67a3452,78010944
037c14ba67a3452,629865395
037c14ba67a3452,865437098
037c14ba67a3452,1390456764
037c14ba67a3452,274422326
037c14ba67a3452,3240127878
037c14ba67a3452,425144967
037c14ba67a3452,1022096478
037c14ba67a3452,3094505203
037c14ba67a3452,103591569
037c14ba67a3452,2156708192
037c14ba67a3452,1103070691
037c14ba67a3452,260664856
037c14ba67a3452,2802215540
037c14ba67a3452,3334577003
037c14ba67a3452,3085563292
037c14ba67a3452,523372329
037c14ba67a3452,2787959551
037c14ba67a3452,3139888405
037c14ba67a3452,2886636328
037c14ba67a3452,3077058268
037c14ba67a3452,2709786241
037c14ba67a3452,3350990661
037c14ba67a3452,519321360
037c14ba67a3452,1373352259
037c14ba67a3452,1114409611
037c14ba67a3452,585892962
037c14ba67a3452,2184924496
037c14ba67a3452,2895051530
037c14ba67a3452,3079390905
037c14ba67a3452,3321643900
037c14ba67a3452,2988585928
037c14ba67a3452,1174680667
037c14ba67a3452,2375325908
037c14ba67a3452,71516564
037c14ba67a3452,2991924920
037c14ba67a3452,857868008
037c14ba67a3452,3162882804
037c14ba67a3452,3052689480
037c14ba67a3452,488308025
037c14ba67a3452,146006355
037c14ba67a3452,3225729804
037c14ba67a3452,2937304391
037c14ba67a3452,3174304829
037c14ba67a3452,3261774501
037c14ba67a3452,3303265918
037c14ba67a3452,255379452
037c14ba67a3452,3159644397
037c14ba67a3452,3133023158
037c14ba67a3452,2921673367
037c14ba67a3452,3263918644
037c14ba67a3452,2784139075
037c14ba67a3452,2598354927
037c14ba67a3452,3301734658
037c14ba67a3452,2859190756
037c14ba67a3452,584936124
037c14ba67a3452,2799566690
037c14ba67a3452,1617998246
037c14ba67a3452,2764212021
037c14ba67a3452,2270163775
037c14ba67a3452,2758007584
037c14ba67a3452,1618345171
037c14ba67a3452,3233629598
037c14ba67a3452,1242217322
037c14ba67a3452,3305452816
037c14ba67a3452,3040675532
037c14ba67a3452,2998654904
037c14ba67a3452,251115680
037c14ba67a3452,592134128
037c14ba67a3452,2882780235
037c14ba67a3452,2428099542
037c14ba67a3452,2903756419
037c14ba67a3452,1697303712
037c14ba67a3452,2786599919
037c14ba67a3452,3215143981
037c14ba67a3452,80817491
037c14ba67a3452,260836983
037c14ba67a3452,3131581396
037c14ba67a3452,2305835500
037c14ba67a3452,3233815064
037c14ba67a3452,3291399657
037c14ba67a3452,1908863665
037c14ba67a3452,3162337148
037c14ba67a3452,3302965961
037c14ba67a3452,898487760
037c14ba67a3452,3201700097
037c14ba67a3452,2801663534
037c14ba67a3452,3307600936
037c14ba67a3452,2836736623
037c14ba67a3452,3021324246
037c14ba67a3452,3306930513
037c14ba67a3452,2316852887
037c14ba67a3452,3019845205
037c14ba67a3452,3315066214
037c14ba67a3452,709205258
037c14ba67a3452,462635327
037c14ba67a3452,3345845644
037c14ba67a3452,3343488851
037c14ba67a3452,2319560607
037c14ba67a3452,3228316914
037c14ba67a3452,1481854946
037c14ba67a3452,3347483746
037c14ba67a3452,1486084890
037c14ba67a3452,3246358586
037c14ba67a3452,3356825579
037c14ba67a3452,3140542542
037c14ba67a3452,2919494178
037c14ba67a3452,265259116
037c14ba67a3452,3170939524
037c14ba67a3452,3339020842
037c14ba67a3452,3256019131
037c14ba67a3452,2506115121
037c14ba67a3452,3309637378
037c14ba67a3452,375034760
037c14ba67a3452,3186461828
037c14ba67a3452,3354517311
037c14ba67a3452,3174007696
037c14ba67a3452,3254904327
037c14ba67a3452,2336164689
037c14ba67a3452,3262551792
037c14ba67a3452,1923389617
037c14ba67a3452,3045027437
037c14ba67a3452,3232871370
037c14ba67a3452,3139605137
037c14ba67a3452,3179601433
037c14ba67a3452,3092047431
037c14ba67a3452,3153748451
037c14ba67a3452,2402008737
037c14ba67a3452,3162077048
037c14ba67a3452,3237150608
037c14ba67a3452,3099732793
037c14ba67a3452,3099320365
037c14ba67a3452,1624427052
037c14ba67a3452,3233782840
037c14ba67a3452,3362040857
037c14ba67a3452,300245968
037c14ba67a3452,2994589791
037c14ba67a3452,3225136044
037c14ba67a3452,3253223001
037c14ba67a3452,3254756374
037c14ba67a3452,3355900570
037c14ba67a3452,3145534807
037c14ba67a3452,3256448395
037c14ba67a3452,1435111093
037c14ba67a3452,3190142186
037c14ba67a3452,3169627732
037c14ba67a3452,2868152977
037c14ba67a3452,93892137
037c14ba67a3452,3156892364
037c14ba67a3452,3260456132
037c14ba67a3452,3339853282
037c14ba67a3452,3341413437
037c14ba67a3452,3245476297
037c14ba67a3452,2206413781
037c14ba67a3452,3346713351
037c14ba67a3452,3225219402
037c14ba67a3452,2396946152
037c14ba67a3452,3259173085
037c14ba67a3452,3210263542
037c14ba67a3452,3352217693
037c14ba67a3452,3294625289
037c14ba67a3452,2840004489
037c14ba67a3452,3246753828
037c14ba67a3452,3035211271
037c14ba67a3452,3144509019
037c14ba67a3452,3305633501
037c14ba67a3452,3254647730
037c14ba67a3452,3343878868
037c14ba67a3452,471118381
037c14ba67a3452,3351001311
037c14ba67a3452,3340874853
037c14ba67a3452,3255725449
037c14ba67a3452,3349396846
037c14ba67a3452,2727689704
037c14ba67a3452,3222023606
037c14ba67a3452,3072158160
037c14ba67a3452,3258701706
037c14ba67a3452,3258912048
037c14ba67a3452,809711240
037c14ba67a3452,232113528
037c14ba67a3452,331928084
037c14ba67a3452,1482764072
037c14ba67a3452,3349061218
037c14ba67a3452,2938221791
037c14ba67a3452,3159476532
037c14ba67a3452,404363748
037c14ba67a3452,102831534
037c14ba67a3452,553049617
037c14ba67a3452,3347222477
037c14ba67a3452,2593425476
037c14ba67a3452,520162283
037c14ba67a3452,3257312450
037c14ba67a3452,3041083700
037c14ba67a3452,2957823007
037c14ba67a3452,2600564300
037c14ba67a3452,3257008802
037c14ba67a3452,3157908224
037c14ba67a3452,3133059865
037c14ba67a3452,3078458278
037c14ba67a3452,936413916
037c14ba67a3452,3080925757
037c14ba67a3452,3344291153
037c14ba67a3452,293728307
037c14ba67a3452,3155718649
037c14ba67a3452,3152247214
037c14ba67a3452,3160528008
037c14ba67a3452,3347384867
037c14ba67a3452,3222925946
037c14ba67a3452,1587461100
037c14ba67a3452,3298316974
037c14ba67a3452,3135334022
037c14ba67a3452,3136339781
037c14ba67a3452,3075752520
037c14ba67a3452,3345584067
037c14ba67a3452,3250002794
037c14ba67a3452,3347304616
037c14ba67a3452,3331254897
037c14ba67a3452,3258577289
037c14ba67a3452,245151450
037c14ba67a3452,3347476301
037c14ba67a3452,3153585334
037c14ba67a3452,3235393230
037c14ba67a3452,779538444
037c14ba67a3452,2831832175
037c14ba67a3452,3131674451
037c14ba67a3452,3080052413
037c14ba67a3452,3341677685
037c14ba67a3452,1434223050
037c14ba67a3452,3343624852
037c14ba67a3452,3208469658
037c14ba67a3452,3017647988
037c14ba67a3452,508540545
037c14ba67a3452,3198496709
037c14ba67a3452,3167542125
037c14ba67a3452,1412826792
037c14ba67a3452,3223672004
037c14ba67a3452,3136512741
037c14ba67a3452,508462437
037c14ba67a3452,3292121248
037c14ba67a3452,2616942003
037c14ba67a3452,3346940019
037c14ba67a3452,1583568439
037c14ba67a3452,2563078640
037c14ba67a3452,957209515
037c14ba67a3452,3196614660
037c14ba67a3452,2815821908
037c14ba67a3452,3137781494
037c14ba67a3452,3258226405
037c14ba67a3452,3172809251
037c14ba67a3452,3089623409
037c14ba67a3452,3254568360
037c14ba67a3452,3321627466
037c14ba67a3452,3345156465
037c14ba67a3452,3257998446
037c14ba67a3452,3323435043
037c14ba67a3452,1724907870
037c14ba67a3452,3291236842
037c14ba67a3452,3347762597
037c14ba67a3452,3258311005
037c14ba67a3452,2938795587
037c14ba67a3452,3234263106
037c14ba67a3452,3258165386
037c14ba67a3452,3131685353
037c14ba67a3452,952929733
037c14ba67a3452,3317091005
037c14ba67a3452,2470562306
037c14ba67a3452,3256666921
037c14ba67a3452,3184774839
037c14ba67a3452,3312401687
037c14ba67a3452,3172859747
037c14ba67a3452,3347999271
037c14ba67a3452,3219714708
037c14ba67a3452,3039907863
037c14ba67a3452,384814065
037c14ba67a3452,2506496233
037c14ba67a3452,3197814326
037c14ba67a3452,3348707861
037c14ba67a3452,3095177915
037c14ba67a3452,3343784325
037c14ba67a3452,3347287143
037c14ba67a3452,3154333123
037c14ba67a3452,3193451551
037c14ba67a3452,3150933450
037c14ba67a3452,3197686006
037c14ba67a3452,2405225615
037c14ba67a3452,3136311933
037c14ba67a3452,3249089289
037c14ba67a3452,3343433531
037c14ba67a3452,3334937001
037c14ba67a3452,2636597186
037c14ba67a3452,3147743956
037c14ba67a3452,2888312845
037c14ba67a3452,1591832430
037c14ba67a3452,3171142366
037c14ba67a3452,3342965410
037c14ba67a3452,2881179135
037c14ba67a3452,385452321
037c14ba67a3452,3193913486
037c14ba67a3452,3349219942
037c14ba67a3452,1207059786
037c14ba67a3452,1580284536
037c14ba67a3452,2943541828
037c14ba67a3452,3133505765
037c14ba67a3452,1537295942
037c14ba67a3452,2939205138
037c14ba67a3452,2515921159
037c14ba67a3452,3221522087
037c14ba67a3452,270053530
037c14ba67a3452,3187056061
037c14ba67a3452,2871348626
037c14ba67a3452,3105808394
037c14ba67a3452,2439752472
037c14ba67a3452,3167055345
037c14ba67a3452,2978955622
037c14ba67a3452,3192719370
037c14ba67a3452,483947911
037c14ba67a3452,3163048242
037c14ba67a3452,2809050062
037c14ba67a3452,3149670900
037c14ba67a3452,3341798320
037c14ba67a3452,9089252
037c14ba67a3452,2585684436
037c14ba67a3452,3343002587
037c14ba67a3452,3257361943
037c14ba67a3452,2873874704
037c14ba67a3452,3246991765
037c14ba67a3452,3145355387
037c14ba67a3452,1472169080
037c14ba67a3452,3259123530
037c14ba67a3452,2739847823
037c14ba67a3452,3335193994
037c14ba67a3452,2830197526
037c14ba67a3452,843781849
037c14ba67a3452,3294937601
037c14ba67a3452,2751017391
037c14ba67a3452,2732015678
037c14ba67a3452,3196307132
037c14ba67a3452,3052186694
037c14ba67a3452,3068686519
037c14ba67a3452,3139435728
037c14ba67a3452,2503825440
037c14ba67a3452,3336904444
037c14ba67a3452,3340918733
037c14ba67a3452,3258268448
037c14ba67a3452,3176317183
037c14ba67a3452,3168860593
037c14ba67a3452,2580209845
037c14ba67a3452,3346738809
037c14ba67a3452,3304503191
037c14ba67a3452,3312905477
037c14ba67a3452,3086308307
037c14ba67a3452,3044964703
037c14ba67a3452,3349869773
037c14ba67a3452,3065416021
037c14ba67a3452,3222548352
037c14ba67a3452,3186616147
037c14ba67a3452,2970342161
037c14ba67a3452,3186116057
037c14ba67a3452,3230182595
037c14ba67a3452,3005599704
037c14ba67a3452,3256836386
037c14ba67a3452,620240858
037c14ba67a3452,2332106955
037c14ba67a3452,3075558624
037c14ba67a3452,3259236703
037c14ba67a3452,3099945042
037c14ba67a3452,3233419788
037c14ba67a3452,3304460007
037c14ba67a3452,3224093964
037c14ba67a3452,1488307903
037c14ba67a3452,588042438
037c14ba67a3452,3163332468
037c14ba67a3452,100022852
037c14ba67a3452,3289315588
037c14ba67a3452,48956231
037c14ba67a3452,2772591706
037c14ba67a3452,527173645
037c14ba67a3452,1399303916
037c14ba67a3452,3255071191
037c14ba67a3452,3254300209
037c14ba67a3452,518700982
037c14ba67a3452,203221035
037c14ba67a3452,1137336187
037c14ba67a3452,219255067
037c14ba67a3452,481250056
037c14ba67a3452,250094211
037c14ba67a3452,3250880607
037c14ba67a3452,250114338
037c14ba67a3452,237695510
037c14ba67a3452,393440365
037c14ba67a3452,2878635204
037c14ba67a3452,2700975149
037c14ba67a3452,417068854
037c14ba67a3452,39332019
037c14ba67a3452,337063081
037c14ba67a3452,321354818
037c14ba67a3452,288647635
037c14ba67a3452,1009434428
037c14ba67a3452,1885291237
037c14ba67a3452,521629126
037c14ba67a3452,3289581237
037c14ba67a3452,1604107964
037c14ba67a3452,1457589812
037c14ba67a3452,1013943368
037c14ba67a3452,2586018961
037c14ba67a3452,3229997090
037c14ba67a3452,531567991
037c14ba67a3452,561474096
037c14ba67a3452,3302067645
037c14ba67a3452,1171427810
037c14ba67a3452,3293842101
037c14ba67a3452,2447695862
037c14ba67a3452,3248453000
037c14ba67a3452,3079298409
037c14ba67a3452,306979592
037c14ba67a3452,1435596440
037c14ba67a3452,1631862727
037c14ba67a3452,3247872057
037c14ba67a3452,848793697
037c14ba67a3452,3163960570
037c14ba67a3452,1638349476
037c14ba67a3452,2222739606
037c14ba67a3452,792385280
037c14ba67a3452,2340437156
037c14ba67a3452,2854424475
037c14ba67a3452,2842848050
037c14ba67a3452,20120818
037c14ba67a3452,451707143
037c14ba67a3452,214481585
037c14ba67a3452,751314775
037c14ba67a3452,3156255090
037c14ba67a3452,1002125438
037c14ba67a3452,590133196
037c14ba67a3452,472131195
037c14ba67a3452,223646716
037c14ba67a3452,3158116116
037c14ba67a3452,2319659191
037c14ba67a3452,390873963
037c14ba67a3452,788107435
037c14ba67a3452,1683094548
037c14ba67a3452,3258159232
037c14ba67a3452,2559321155
037c14ba67a3452,271523471
037c14ba67a3452,1201474232
037c14ba67a3452,379508903
037c14ba67a3452,2275910044
037c14ba67a3452,793053356
037c14ba67a3452,975841752
037c14ba67a3452,510644427
037c14ba67a3452,3231023546
037c14ba67a3452,2872762196
037c14ba67a3452,3329777439
037c14ba67a3452,2855721209
037c14ba67a3452,3254007572
037c14ba67a3452,363091488
037c14ba67a3452,3341762212
037c14ba67a3452,3134734674
037c14ba67a3452,3254951508
037c14ba67a3452,3225003669
037c14ba67a3452,3319747072
037c14ba67a3452,3303841888
037c14ba67a3452,3343710509
037c14ba67a3452,3256937120
037c14ba67a3452,3345700299
037c14ba67a3452,3258634009
037c14ba67a3452,3305630631
037c14ba67a3452,3017733193
037c14ba67a3452,3303450519
037c14ba67a3452,2698919785
037c14ba67a3452,3254039311
037c14ba67a3452,793379256
037c14ba67a3452,785584524
037c14ba67a3452,3213571161
037c14ba67a3452,1347010243
037c14ba67a3452,2318044391
037c14ba67a3452,3342768185
037c14ba67a3452,548001487
037c14ba67a3452,3307285690
037c14ba67a3452,3346330767
037c14ba67a3452,3230608694
037c14ba67a3452,2838095298
037c14ba67a3452,17220636
037c14ba67a3452,565072188
037c14ba67a3452,222541061
037c14ba67a3452,483809408
037c14ba67a3452,582365186
037c14ba67a3452,3072057882
037c14ba67a3452,535101966
037c14ba67a3452,2147496346
037c14ba67a3452,249574491
037c14ba67a3452,14645776
037c14ba67a3452,291232412
037c14ba67a3452,2892040580
037c14ba67a3452,3185515261
037c14ba67a3452,1239789235
037c14ba67a3452,1681538335
037c14ba67a3452,298018437
037c14ba67a3452,142026807
037c14ba67a3452,2831911340
037c14ba67a3452,1673675053
037c14ba67a3452,377202785
037c14ba67a3452,701177444
037c14ba67a3452,2327265128
037c14ba67a3452,254172245
037c14ba67a3452,2491717022
037c14ba67a3452,261841552
037c14ba67a3452,569986245
037c14ba67a3452,84620593
037c14ba67a3452,1653352807
037c14ba67a3452,3293417991
037c14ba67a3452,34713362
037c14ba67a3452,3154036308
037c14ba67a3452,1180607228
037c14ba67a3452,1461952722
037c14ba67a3452,1852240226
037c14ba67a3452,595439281
037c14ba67a3452,459473642
037c14ba67a3452,413739194
037c14ba67a3452,2854661622
037c14ba67a3452,597697305
037c14ba67a3452,1674634537
037c14ba67a3452,3239077187
037c14ba67a3452,745095781
037c14ba67a3452,2731573178
037c14ba67a3452,1041812562
037c14ba67a3452,720151388
037c14ba67a3452,2711544912
037c14ba67a3452,542795203
037c14ba67a3452,253226618
037c14ba67a3452,384120146
037c14ba67a3452,3053200621
037c14ba67a3452,918189240
037c14ba67a3452,1086973130
037c14ba67a3452,2903360450
037c14ba67a3452,2794741304
037c14ba67a3452,1602333949
037c14ba67a3452,3060252901
037c14ba67a3452,303605569
037c14ba67a3452,987070657
037c14ba67a3452,1078111950
037c14ba67a3452,2371257158
037c14ba67a3452,230758716
037c14ba67a3452,227760686
037c14ba67a3452,3336643031
037c14ba67a3452,3317872557
037c14ba67a3452,3169571530
037c14ba67a3452,53028350
037c14ba67a3452,267566823
037c14ba67a3452,3030441855
037c14ba67a3452,3248667285
037c14ba67a3452,3226089779
037c14ba67a3452,3293834699
037c14ba67a3452,2887695019
037c14ba67a3452,3344488931
037c14ba67a3452,1722148520
037c14ba67a3452,2966964991
037c14ba67a3452,251178046
037c14ba67a3452,3335141615
037c14ba67a3452,1326160536
037c14ba67a3452,3305388417
037c14ba67a3452,3343294456
037c14ba67a3452,3255691525
037c14ba67a3452,3182505499
037c14ba67a3452,3237878334
037c14ba67a3452,1284455502
037c14ba67a3452,191747499
037c14ba67a3452,49288710
037c14ba67a3452,2969625573
037c14ba67a3452,3058061979
037c14ba67a3452,575661707
037c14ba67a3452,538285556
037c14ba67a3452,3173155056
037c14ba67a3452,2875596778
037c14ba67a3452,3220778323
037c14ba67a3452,3189960740
037c14ba67a3452,2212224792
037c14ba67a3452,3134420595
037c14ba67a3452,2854026367
037c14ba67a3452,809791471
037c14ba67a3452,3295198689
037c14ba67a3452,3170970022
037c14ba67a3452,3246628595
037c14ba67a3452,3145440741
037c14ba67a3452,3247101096
037c14ba67a3452,3155761678
037c14ba67a3452,2279775113
037c14ba67a3452,3297768550
037c14ba67a3452,3225166689
037c14ba67a3452,3136914938
037c14ba67a3452,3252378999
037c14ba67a3452,3302775754
037c14ba67a3452,3288833062
037c14ba67a3452,2655295903
037c14ba67a3452,263428605
037c14ba67a3452,524288130
037c14ba67a3452,3136900904
037c14ba67a3452,2625452439
037c14ba67a3452,3150204419
037c14ba67a3452,1551936811
037c14ba67a3452,2657902496
037c14ba67a3452,3313587016
037c14ba67a3452,3244537459
037c14ba67a3452,594097826
037c14ba67a3452,2780782196
037c14ba67a3452,3236311464
037c14ba67a3452,436940634
037c14ba67a3452,3062704010
037c14ba67a3452,3252826276
037c14ba67a3452,247390322
037c14ba67a3452,3252013603
037c14ba67a3452,3182848364
037c14ba67a3452,2853154380
037c14ba67a3452,3171312711
037c14ba67a3452,408746327
037c14ba67a3452,3331878893
037c14ba67a3452,3134111786
037c14ba67a3452,3254991360
037c14ba67a3452,3344144481
037c14ba67a3452,1538108468
037c14ba67a3452,3169824761
037c14ba67a3452,2923191325
037c14ba67a3452,3250358327
037c14ba67a3452,2530464727
037c14ba67a3452,1155796112
037c14ba67a3452,3325362489
037c14ba67a3452,3250048578
037c14ba67a3452,3250694474
037c14ba67a3452,3243809423
037c14ba67a3452,3173396855
037c14ba67a3452,3327432843
037c14ba67a3452,2468271524
037c14ba67a3452,3307897731
037c14ba67a3452,3323849505
037c14ba67a3452,3214365257
037c14ba67a3452,3201886361
037c14ba67a3452,2539923085
037c14ba67a3452,3254091127
037c14ba67a3452,3160802042
037c14ba67a3452,3215622921
037c14ba67a3452,3193394827
037c14ba67a3452,3044060610
037c14ba67a3452,3308665439
037c14ba67a3452,3240293593
037c14ba67a3452,2794489752
037c14ba67a3452,1300347120
037c14ba67a3452,3306392229
037c14ba67a3452,3304817339
037c14ba67a3452,3324661247
037c14ba67a3452,1044919093
037c14ba67a3452,3305247621
037c14ba67a3452,3240461153
037c14ba67a3452,3164343162
037c14ba67a3452,3318816915
037c14ba67a3452,864005306
037c14ba67a3452,3290608505
037c14ba67a3452,3311796951
037c14ba67a3452,615906892
037c14ba67a3452,3292994181
037c14ba67a3452,3330204297
037c14ba67a3452,3120101187
037c14ba67a3452,3149513560
037c14ba67a3452,3330032337
037c14ba67a3452,3059540750
037c14ba67a3452,3332681249
037c14ba67a3452,1032431150
037c14ba67a3452,289178938
037c14ba67a3452,767945294
037c14ba67a3452,838050919
037c14ba67a3452,1630941907
037c14ba67a3452,2828504876
037c14ba67a3452,3050880764
037c14ba67a3452,1419409890
037c14ba67a3452,2355412464
037c14ba67a3452,194389806
037c14ba67a3452,3224145522
037c14ba67a3452,1015181455
037c14ba67a3452,3333466359
037c14ba67a3452,3168629432
037c14ba67a3452,3220597046
037c14ba67a3452,3135646540
037c14ba67a3452,845297216
037c14ba67a3452,1383012194
037c14ba67a3452,2399192659
037c14ba67a3452,3221117295
037c14ba67a3452,3141992873
037c14ba67a3452,439510352
037c14ba67a3452,3244909236
037c14ba67a3452,2794914759
037c14ba67a3452,3191984828
037c14ba67a3452,3240257458
037c14ba67a3452,425206781
037c14ba67a3452,376805797
037c14ba67a3452,2594396728
037c14ba67a3452,283927451
037c14ba67a3452,2280989136
037c14ba67a3452,416960482
037c14ba67a3452,3191430224
037c14ba67a3452,2756984759
037c14ba67a3452,614193433
037c14ba67a3452,369157084
037c14ba67a3452,3161789036
037c14ba67a3452,598570343
037c14ba67a3452,2500936503
037c14ba67a3452,593344418
037c14ba67a3452,2358249146
037c14ba67a3452,3314030788
037c14ba67a3452,3156860760
037c14ba67a3452,3153383889
037c14ba67a3452,2326452529
037c14ba67a3452,3248031536
037c14ba67a3452,3235295906
037c14ba67a3452,3158584374
037c14ba67a3452,3130088737
037c14ba67a3452,3323655994
037c14ba67a3452,3185836740
037c14ba67a3452,3317279129
037c14ba67a3452,3303695849
037c14ba67a3452,1545003378
037c14ba67a3452,2731665531
037c14ba67a3452,2800342862
037c14ba67a3452,3156382471
037c14ba67a3452,3317284509
037c14ba67a3452,3220768676
037c14ba67a3452,3070171380
037c14ba67a3452,3094746656
037c14ba67a3452,3305101203
037c14ba67a3452,573053585
037c14ba67a3452,826232606
037c14ba67a3452,3291083543
037c14ba67a3452,3155133474
037c14ba67a3452,3294303711
037c14ba67a3452,359085909
037c14ba67a3452,3172139836
037c14ba67a3452,3178204769
037c14ba67a3452,3218662905
037c14ba67a3452,1857658225
037c14ba67a3452,481873229
037c14ba67a3452,3295232009
037c14ba67a3452,1459070676
037c14ba67a3452,3294656572
037c14ba67a3452,3250426943
037c14ba67a3452,3183541309
037c14ba67a3452,3079370647
037c14ba67a3452,3232128590
037c14ba67a3452,1736917536
037c14ba67a3452,3157696518
037c14ba67a3452,3192828357
037c14ba67a3452,2853815849
037c14ba67a3452,247471201
037c14ba67a3452,3239121264
037c14ba67a3452,2818208161
037c14ba67a3452,352182651
037c14ba67a3452,1568855930
037c14ba67a3452,3309197019
037c14ba67a3452,3188525030
037c14ba67a3452,3248147793
037c14ba67a3452,3301908717
037c14ba67a3452,3251767744
037c14ba67a3452,3293460923
037c14ba67a3452,2464479277
037c14ba67a3452,3307562223
037c14ba67a3452,2830585658
037c14ba67a3452,3168810647
037c14ba67a3452,511841202
037c14ba67a3452,3291647788
037c14ba67a3452,3263220952
037c14ba67a3452,3248630381
037c14ba67a3452,3217050428
037c14ba67a3452,3052623855
037c14ba67a3452,2506246250
037c14ba67a3452,3297956525
037c14ba67a3452,3304955127
037c14ba67a3452,3014519318
037c14ba67a3452,3221028938
037c14ba67a3452,2386828770
037c14ba67a3452,3232127307
037c14ba67a3452,1683780546
037c14ba67a3452,3220228820
037c14ba67a3452,3231118818
037c14ba67a3452,3304797165
037c14ba67a3452,3228064496
037c14ba67a3452,3293580807
037c14ba67a3452,3223649916
037c14ba67a3452,3228304238
037c14ba67a3452,3235156194
037c14ba67a3452,2892663236
037c14ba67a3452,3295370428
037c14ba67a3452,3303212151
037c14ba67a3452,3006576238
037c14ba67a3452,3232902666
037c14ba67a3452,3188039626
037c14ba67a3452,3289075385
037c14ba67a3452,2920256545
037c14ba67a3452,3290195620
037c14ba67a3452,3192483500
037c14ba67a3452,3188625641
037c14ba67a3452,3172721163
037c14ba67a3452,3067962539
037c14ba67a3452,69813296
037c14ba67a3452,3232051888
037c14ba67a3452,3241801455
037c14ba67a3452,3295597287
037c14ba67a3452,3300797415
037c14ba67a3452,3297135527
037c14ba67a3452,3164373684
037c14ba67a3452,3299754490
037c14ba67a3452,346397215
037c14ba67a3452,3084636897
037c14ba67a3452,3250733925
037c14ba67a3452,569917816
037c14ba67a3452,3121787958
037c14ba67a3452,3207742191
037c14ba67a3452,3222316286
037c14ba67a3452,3230953704
037c14ba67a3452,1619018804
037c14ba67a3452,3231471067
037c14ba67a3452,3151045691
037c14ba67a3452,555659403
037c14ba67a3452,2901727447
037c14ba67a3452,2987916134
037c14ba67a3452,2786448808
037c14ba67a3452,238192723
037c14ba67a3452,824001781
037c14ba67a3452,3293769393
037c14ba67a3452,1257565116
037c14ba67a3452,3041182059
037c14ba67a3452,2796857170
037c14ba67a3452,3234275293
037c14ba67a3452,3225085751
037c14ba67a3452,298480821
037c14ba67a3452,3079951947
037c14ba67a3452,2703437312
037c14ba67a3452,3132937044
037c14ba67a3452,2987948533
037c14ba67a3452,1674073010
037c14ba67a3452,773253517
037c14ba67a3452,3226285637
037c14ba67a3452,3166968328
037c14ba67a3452,545070850
037c14ba67a3452,3167552854
037c14ba67a3452,1426755853
037c14ba67a3452,1551909120
037c14ba67a3452,2935564171
037c14ba67a3452,3221510708
037c14ba67a3452,3293871352
037c14ba67a3452,3175250523
037c14ba67a3452,3157102279
037c14ba67a3452,545294850
037c14ba67a3452,3172540293
037c14ba67a3452,3016913220
037c14ba67a3452,3306925829
037c14ba67a3452,3170072253
037c14ba67a3452,3171859605
037c14ba67a3452,3306995957
037c14ba67a3452,3076694893
037c14ba67a3452,3222334704
037c14ba67a3452,3170906343
037c14ba67a3452,3229675326
037c14ba67a3452,1511759167
037c14ba67a3452,3228391242
037c14ba67a3452,3237120782
037c14ba67a3452,3106592915
037c14ba67a3452,2769788036
037c14ba67a3452,3243333610
037c14ba67a3452,577907155
037c14ba67a3452,3200097636
037c14ba67a3452,2890820856
037c14ba67a3452,3146424302
037c14ba67a3452,3223135680
037c14ba67a3452,2923076301
037c14ba67a3452,2601018311
037c14ba67a3452,3295878827
037c14ba67a3452,2655205268
037c14ba67a3452,2956835609
037c14ba67a3452,2922576738
037c14ba67a3452,2822503744
037c14ba67a3452,2542145257
037c14ba67a3452,2168569097
037c14ba67a3452,974247192
037c14ba67a3452,2736109505
037c14ba67a3452,3186581330
037c14ba67a3452,3161421167
037c14ba67a3452,3151625262
037c14ba67a3452,3186788659
037c14ba67a3452,3238914309
037c14ba67a3452,3127978761
037c14ba67a3452,3018226763
037c14ba67a3452,3186602185
037c14ba67a3452,3186534750
037c14ba67a3452,3238927797
037c14ba67a3452,3221247341
037c14ba67a3452,3233912470
037c14ba67a3452,3141874633
037c14ba67a3452,3140492043
037c14ba67a3452,1023024517
037c14ba67a3452,3176838526
037c14ba67a3452,875898026
037c14ba67a3452,3085722679
037c14ba67a3452,2956843997
037c14ba67a3452,335659036
037c14ba67a3452,3191676431
037c14ba67a3452,1897646826
037c14ba67a3452,3229408485
037c14ba67a3452,3047573481
037c14ba67a3452,1004900450
037c14ba67a3452,3235553481
037c14ba67a3452,3221836533
037c14ba67a3452,498761538
037c14ba67a3452,1295979078
037c14ba67a3452,1733303256
037c14ba67a3452,233721005
037c14ba67a3452,516659381
037c14ba67a3452,310229642
037c14ba67a3452,276980781
037c14ba67a3452,330506567
037c14ba67a3452,727447531
037c14ba67a3452,58157391
037c14ba67a3452,2215451492
037c14ba67a3452,2529902791
037c14ba67a3452,48696535
037c14ba67a3452,255976048
037c14ba67a3452,46441095
037c14ba67a3452,2273126696
037c14ba67a3452,246872344
037c14ba67a3452,7829842
037c14ba67a3452,3131629443
037c14ba67a3452,3252760174
037c14ba67a3452,2913379689
037c14ba67a3452,265904510
037c14ba67a3452,3192442962
037c14ba67a3452,472962312
037c14ba67a3452,2881723017
037c14ba67a3452,268428038
037c14ba67a3452,3232303523
037c14ba67a3452,3220160354
037c14ba67a3452,3259885960
037c14ba67a3452,456792557
037c14ba67a3452,3256415315
037c14ba67a3452,1411573339
037c14ba67a3452,55258021
037c14ba67a3452,3147113717
037c14ba67a3452,2880906064
037c14ba67a3452,3197087820
037c14ba67a3452,52463390
037c14ba67a3452,3291446567
037c14ba67a3452,2865638793
037c14ba67a3452,498329172
037c14ba67a3452,557543336
037c14ba67a3452,3194147460
037c14ba67a3452,3181123009
037c14ba67a3452,87083738
037c14ba67a3452,3227295608
037c14ba67a3452,3163684641
037c14ba67a3452,2914398279
037c14ba67a3452,3139998482
037c14ba67a3452,2949343381
037c14ba67a3452,2960014761
037c14ba67a3452,310877066
037c14ba67a3452,3037273501
037c14ba67a3452,2709106887
037c14ba67a3452,2202826833
037c14ba67a3452,802930381
037c14ba67a3452,3145349988
037c14ba67a3452,3121980807
037c14ba67a3452,3131535311
037c14ba67a3452,3144988622
037c14ba67a3452,2987888135
037c14ba67a3452,3132949464
037c14ba67a3452,3167065805
037c14ba67a3452,2990605678
037c14ba67a3452,3183618112
037c14ba67a3452,3165888902
037c14ba67a3452,3176657949
037c14ba67a3452,2838187320
037c14ba67a3452,3161468581
037c14ba67a3452,3172142028
037c14ba67a3452,3205752261
037c14ba67a3452,1633796948
037c14ba67a3452,3196269267
037c14ba67a3452,2503479473
037c14ba67a3452,3235818573
037c14ba67a3452,2981523243
037c14ba67a3452,3231303011
037c14ba67a3452,3189778009
037c14ba67a3452,3214020232
037c14ba67a3452,3222493583
037c14ba67a3452,3138066679
037c14ba67a3452,2183881954
037c14ba67a3452,3294349228
037c14ba67a3452,3163032643
037c14ba67a3452,3071682408
037c14ba67a3452,3016724512
037c14ba67a3452,751321436
037c14ba67a3452,3050189725
037c14ba67a3452,722939971
037c14ba67a3452,3248718389
037c14ba67a3452,2929031898
037c14ba67a3452,3059099303
037c14ba67a3452,2174405053
037c14ba67a3452,429931674
037c14ba67a3452,2827299741
037c14ba67a3452,2469903506
037c14ba67a3452,906771091
037c14ba67a3452,275059495
037c14ba67a3452,3197243079
037c14ba67a3452,3160290876
037c14ba67a3452,3179835261
037c14ba67a3452,3185929310
037c14ba67a3452,3149495568
037c14ba67a3452,14866593
037c14ba67a3452,53059376
037c14ba67a3452,632881941
037c14ba67a3452,25049177
037c14ba67a3452,1038860466
037c14ba67a3452,2416154628
037c14ba67a3452,3060155784
037c14ba67a3452,3185137915
037c14ba67a3452,3078032489
037c14ba67a3452,3257859315
037c14ba67a3452,3104707764
037c14ba67a3452,247448711
037c14ba67a3452,2322656744
037c14ba67a3452,3249141262
037c14ba67a3452,3107669786
037c14ba67a3452,3125459827
037c14ba67a3452,2921509270
037c14ba67a3452,3220182732
037c14ba67a3452,1253341568
037c14ba67a3452,3218295039
037c14ba67a3452,3137657198
037c14ba67a3452,3192495016
037c14ba67a3452,2719157370
037c14ba67a3452,3165902135
037c14ba67a3452,3261612670
037c14ba67a3452,2302065475
037c14ba67a3452,2823268641
037c14ba67a3452,3043264796
037c14ba67a3452,3151278133
037c14ba67a3452,183586947
037c14ba67a3452,3142607647
037c14ba67a3452,1327750748
037c14ba67a3452,3289829866
037c14ba67a3452,3042882840
037c14ba67a3452,3193857294
037c14ba67a3452,3194152615
037c14ba67a3452,3247916591
037c14ba67a3452,3138051168
037c14ba67a3452,3252703179
037c14ba67a3452,1561383390
037c14ba67a3452,1347176323
037c14ba67a3452,1013888300
037c14ba67a3452,3170731232
037c14ba67a3452,3166339937
037c14ba67a3452,3184135242
037c14ba67a3452,3250093763
037c14ba67a3452,3155315237
037c14ba67a3452,3138880093
037c14ba67a3452,3174158985
037c14ba67a3452,3207899681
037c14ba67a3452,2984417898
037c14ba67a3452,3107021124
037c14ba67a3452,3245537356
037c14ba67a3452,2253585403
037c14ba67a3452,3154973261
037c14ba67a3452,3099023673
037c14ba67a3452,3155804613
037c14ba67a3452,2997011920
037c14ba67a3452,3195310754
037c14ba67a3452,3245277695
037c14ba67a3452,3199021649
037c14ba67a3452,2900685151
037c14ba67a3452,3186945937
037c14ba67a3452,3195469573
037c14ba67a3452,2450919962
037c14ba67a3452,3167110317
037c14ba67a3452,3248559735
037c14ba67a3452,285956873
037c14ba67a3452,572980824
037c14ba67a3452,384463943
037c14ba67a3452,3193468330
037c14ba67a3452,2722700204
037c14ba67a3452,3246444477
037c14ba67a3452,2792615192
037c14ba67a3452,3147388121
037c14ba67a3452,3164398319
037c14ba67a3452,2514768453
037c14ba67a3452,3246411209
037c14ba67a3452,756234206
037c14ba67a3452,1972216999
037c14ba67a3452,3178525306
037c14ba67a3452,3202579371
037c14ba67a3452,524467582
037c14ba67a3452,2445463018
037c14ba67a3452,607198443
037c14ba67a3452,3191619507
037c14ba67a3452,2983468524
037c14ba67a3452,96083073
037c14ba67a3452,3180044804
037c14ba67a3452,3169583655
037c14ba67a3452,3179302134
037c14ba67a3452,5536782
037c14ba67a3452,2516836314
037c14ba67a3452,3226110742
037c14ba67a3452,3253157589
037c14ba67a3452,2670721861
037c14ba67a3452,3242376454
037c14ba67a3452,2999636713
037c14ba67a3452,2691043706
037c14ba67a3452,2951042701
037c14ba67a3452,1092828240
037c14ba67a3452,138706071
037c14ba67a3452,3175348329
037c14ba67a3452,3161008442
037c14ba67a3452,3194194567
037c14ba67a3452,3153336236
037c14ba67a3452,3131651639
037c14ba67a3452,1513191810
037c14ba67a3452,621433266
037c14ba67a3452,3164335822
037c14ba67a3452,3176656335
037c14ba67a3452,3194537203
037c14ba67a3452,2779544280
037c14ba67a3452,888453193
037c14ba67a3452,3190820116
037c14ba67a3452,2233504384
037c14ba67a3452,2343665179
037c14ba67a3452,3155926058
037c14ba67a3452,3185578976
037c14ba67a3452,3210383680
037c14ba67a3452,3157879684
037c14ba67a3452,3179292677
037c14ba67a3452,3159897482
037c14ba67a3452,3166302020
037c14ba67a3452,3094378202
037c14ba67a3452,3154679848
037c14ba67a3452,2933845016
037c14ba67a3452,421938616
037c14ba67a3452,3134346241
037c14ba67a3452,322186785
037c14ba67a3452,245256588
037c14ba67a3452,3135190308
037c14ba67a3452,308568208
037c14ba67a3452,2883817197
037c14ba67a3452,1168693118
037c14ba67a3452,3051069415
037c14ba67a3452,714663423
037c14ba67a3452,2321488316
037c14ba67a3452,2989815395
037c14ba67a3452,3014376601
037c14ba67a3452,2666421631
037c14ba67a3452,2989385192
037c14ba67a3452,3158379044
037c14ba67a3452,2871110233
037c14ba67a3452,815844992
037c14ba67a3452,2766868441
037c14ba67a3452,2547827340
037c14ba67a3452,3015011182
037c14ba67a3452,3042733174
037c14ba67a3452,3043607290
037c14ba67a3452,3064831167
037c14ba67a3452,2958859922
037c14ba67a3452,2537713470
037c14ba67a3452,3074787095
037c14ba67a3452,3078818141
037c14ba67a3452,2434422680
037c14ba67a3452,845572464
037c14ba67a3452,2445815941
037c14ba67a3452,2656902253
037c14ba67a3452,3093172590
037c14ba67a3452,358398844
037c14ba67a3452,3132452237
037c14ba67a3452,3131630003
037c14ba67a3452,2945974397
037c14ba67a3452,3157233241
037c14ba67a3452,2818475243
037c14ba67a3452,3169737467
037c14ba67a3452,2360038501
037c14ba67a3452,2834604789
037c14ba67a3452,2885574056
037c14ba67a3452,2864680696
037c14ba67a3452,2422130077
037c14ba67a3452,2998359427
037c14ba67a3452,439159913
037c14ba67a3452,3001491502
037c14ba67a3452,2782091394
037c14ba67a3452,918591811
037c14ba67a3452,524575573
037c14ba67a3452,1039209776
037c14ba67a3452,377920712
037c14ba67a3452,578013958
037c14ba67a3452,2314224381
037c14ba67a3452,2157005739
037c14ba67a3452,605502759
037c14ba67a3452,2795480070
037c14ba67a3452,941044454
037c14ba67a3452,750415633
037c14ba67a3452,248880435
037c14ba67a3452,607238670
037c14ba67a3452,1036838526
037c14ba67a3452,2853003085
037c14ba67a3452,908745134
037c14ba67a3452,249904093
037c14ba67a3452,1076290609
037c14ba67a3452,1169029842
037c14ba67a3452,2834529264
037c14ba67a3452,1495311606
037c14ba67a3452,49942706
037c14ba67a3452,301324445
037c14ba67a3452,339770545
037c14ba67a3452,2491899902
037c14ba67a3452,66591836
037c14ba67a3452,245956466
037c14ba67a3452,245958361
037c14ba67a3452,216289357
037c14ba67a3452,148711787
037c14ba67a3452,52032722
037c14ba67a3452,6135542
037c14ba67a3452,458301345
037c14ba67a3452,23573083
037c14ba67a3452,2809211010
037c14ba67a3452,1069085900
037c14ba67a3452,758154536
037c14ba67a3452,2943132985
037c14ba67a3452,1316448289
037c14ba67a3452,2954719152
037c14ba67a3452,2465175127
037c14ba67a3452,2900748295
037c14ba67a3452,2835696452
037c14ba67a3452,1433702072
037c14ba67a3452,2915637263
037c14ba67a3452,2364373916
037c14ba67a3452,2841662630
037c14ba67a3452,2296818823
037c14ba67a3452,623420546
037c14ba67a3452,2205338203
037c14ba67a3452,2892572744
037c14ba67a3452,103550181
037c14ba67a3452,136013235
037c14ba67a3452,2950650830
037c14ba67a3452,2950286166
037c14ba67a3452,2444291209
037c14ba67a3452,2921514264
037c14ba67a3452,2872419629
037c14ba67a3452,724047847
037c14ba67a3452,2949922532
037c14ba67a3452,2953840050
037c14ba67a3452,1080598297
037c14ba67a3452,2889552177
037c14ba67a3452,2949602708
037c14ba67a3452,2945983035
037c14ba67a3452,2365466390
037c14ba67a3452,2782710186
037c14ba67a3452,2834195905
037c14ba67a3452,2950086117
037c14ba67a3452,2939446845
037c14ba67a3452,2950176678
037c14ba67a3452,2473976351
037c14ba67a3452,2949956385
037c14ba67a3452,2950691052
037c14ba67a3452,2950440342
037c14ba67a3452,1444179692
037c14ba67a3452,2907392365
037c14ba67a3452,243368411
037c14ba67a3452,2945014307
037c14ba67a3452,143531181
037c14ba67a3452,2845057125
037c14ba67a3452,588370538
037c14ba67a3452,2716066397
037c14ba67a3452,2929453539
037c14ba67a3452,578461933
037c14ba67a3452,2860095376
037c14ba67a3452,2322278947
037c14ba67a3452,447376731
037c14ba67a3452,2953905859
037c14ba67a3452,2460304950
037c14ba67a3452,2953067902
037c14ba67a3452,2949386267
037c14ba67a3452,2946513907
037c14ba67a3452,2681867575
037c14ba67a3452,941878118
037c14ba67a3452,2953293141
037c14ba67a3452,2541166813
037c14ba67a3452,2946141245
037c14ba67a3452,547249493
037c14ba67a3452,1724497764
037c14ba67a3452,2944271145
037c14ba67a3452,2948961172
037c14ba67a3452,2561743244
037c14ba67a3452,2687492095
037c14ba67a3452,2761945171
037c14ba67a3452,2648453844
037c14ba67a3452,472919913
037c14ba67a3452,2467932747
037c14ba67a3452,2831354199
