03903181d9ca440,384814065
03903181d9ca440,3193656583
03903181d9ca440,3300380320
03903181d9ca440,3179749015
03903181d9ca440,3080222409
03903181d9ca440,2902094178
03903181d9ca440,2815133161
03903181d9ca440,3352196013
03903181d9ca440,3371564433
03903181d9ca440,755906286
03903181d9ca440,2792615192
03903181d9ca440,2924892502
03903181d9ca440,3304817339
03903181d9ca440,1696572990
03903181d9ca440,295379740
03903181d9ca440,3107552335
03903181d9ca440,3161608111
03903181d9ca440,866727570
03903181d9ca440,1957045394
03903181d9ca440,3231909302
03903181d9ca440,3264156434
03903181d9ca440,2336303140
03903181d9ca440,2816823204
03903181d9ca440,3237413082
03903181d9ca440,3294092999
03903181d9ca440,3131711320
03903181d9ca440,2762004955
03903181d9ca440,3225136044
03903181d9ca440,2982707815
03903181d9ca440,3217110334
03903181d9ca440,3082470875
03903181d9ca440,253948611
03903181d9ca440,3258170131
03903181d9ca440,3123008598
03903181d9ca440,3159444590
03903181d9ca440,2713214130
03903181d9ca440,3033252907
03903181d9ca440,3340874853
03903181d9ca440,3343467401
03903181d9ca440,3087052231
03903181d9ca440,3302566396
03903181d9ca440,632881941
03903181d9ca440,3331838939
03903181d9ca440,3234246855
03903181d9ca440,3192532853
03903181d9ca440,3138313407
03903181d9ca440,99698036
03903181d9ca440,3323706155
03903181d9ca440,3000652851
03903181d9ca440,1170513660
03903181d9ca440,3314019791
03903181d9ca440,3293050935
03903181d9ca440,3306392229
03903181d9ca440,3160172916
03903181d9ca440,1340108832
03903181d9ca440,23573083
03903181d9ca440,339770545
03903181d9ca440,3231743448
03903181d9ca440,3185787330
03903181d9ca440,3180737266
03903181d9ca440,2174405053
03903181d9ca440,2823937418
03903181d9ca440,3254811082
03903181d9ca440,3248147793
03903181d9ca440,3174928967
03903181d9ca440,3250227029
03903181d9ca440,3061956921
03903181d9ca440,3168506502
03903181d9ca440,1408917685
03903181d9ca440,250114338
03903181d9ca440,2959077917
03903181d9ca440,1284164774
03903181d9ca440,3066041207
03903181d9ca440,3165361551
03903181d9ca440,3154002824
03903181d9ca440,59030309
03903181d9ca440,2594396728
03903181d9ca440,2858224494
03903181d9ca440,403457295
03903181d9ca440,312208561
03903181d9ca440,444518794
03903181d9ca440,3090555828
03903181d9ca440,3008954635
03903181d9ca440,1194327013
03903181d9ca440,756234206
03903181d9ca440,2940300939
03903181d9ca440,2998629279
03903181d9ca440,1599631202
03903181d9ca440,2910167288
03903181d9ca440,2972502181
03903181d9ca440,3018667675
03903181d9ca440,3101383118
03903181d9ca440,3017715645
03903181d9ca440,2809390735
03903181d9ca440,2926948861
03903181d9ca440,3056007469
03903181d9ca440,2623275483
03903181d9ca440,3006299596
03903181d9ca440,245019407
03903181d9ca440,2923076301
03903181d9ca440,1602078524
03903181d9ca440,301324445
03903181d9ca440,3047564821
03903181d9ca440,3042499891
03903181d9ca440,3004014910
03903181d9ca440,1930624009
03903181d9ca440,701705767
03903181d9ca440,468723304
03903181d9ca440,53059376
03903181d9ca440,66591836
03903181d9ca440,797579058
03903181d9ca440,421468390
03903181d9ca440,860999070
03903181d9ca440,538285556
03903181d9ca440,96083073
03903181d9ca440,510338827
03903181d9ca440,1674073010
03903181d9ca440,402632435
03903181d9ca440,2552038958
03903181d9ca440,1972216999
03903181d9ca440,387927222
03903181d9ca440,1930307178
03903181d9ca440,352489322
03903181d9ca440,52032722
03903181d9ca440,458301345
03903181d9ca440,2887101700
03903181d9ca440,480121045
03903181d9ca440,2558652758
