0samer5161,127656315
0samer5161,254786919
0samer5161,203654375
0samer5161,340661736
0samer5161,247837507
0samer5161,578895538
0samer5161,438487075
0samer5161,478789559
0samer5161,1095942194
0samer5161,491566954
0samer5161,3002494416
0samer5161,231391509
0samer5161,949865076
0samer5161,1491371220
0samer5161,2696568084
0samer5161,143531181
0samer5161,3003239763
0samer5161,2835936434
0samer5161,540364355
0samer5161,2759799779
0samer5161,3001176071
0samer5161,2960014761
0samer5161,2797713352
0samer5161,1305702282
0samer5161,2793098255
0samer5161,932412108
0samer5161,2862883999
0samer5161,1697601008
0samer5161,2882616660
0samer5161,2493026125
0samer5161,2680218955
0samer5161,2976131175
0samer5161,2631906945
0samer5161,2935200491
0samer5161,2936360848
0samer5161,2942019081
0samer5161,2942782696
0samer5161,2914703253
0samer5161,2914662873
0samer5161,2959233515
0samer5161,2664896634
0samer5161,2603850860
0samer5161,2713097544
0samer5161,2844011568
0samer5161,2857730562
0samer5161,2836018790
0samer5161,2944324316
0samer5161,2958323189
0samer5161,591858975
0samer5161,2923172990
0samer5161,2793572825
0samer5161,261724822
0samer5161,2786041578
0samer5161,540009306
0samer5161,2262703387
0samer5161,557543336
0samer5161,2868906999
0samer5161,2900674106
0samer5161,2907132332
0samer5161,2912121086
0samer5161,2833141620
0samer5161,2801557180
0samer5161,2892718782
0samer5161,2294321712
0samer5161,2548267712
0samer5161,2831446582
0samer5161,2860888151
0samer5161,2871235852
0samer5161,2893907024
0samer5161,462180733
0samer5161,2895825956
0samer5161,2895645571
0samer5161,2872419629
0samer5161,2879702876
0samer5161,2760499737
0samer5161,2857811972
0samer5161,2899217689
0samer5161,980734652
0samer5161,2885650122
0samer5161,2893872116
0samer5161,2580955165
0samer5161,2847926399
0samer5161,1317185618
0samer5161,2220432855
0samer5161,2811638773
0samer5161,2501372926
0samer5161,2823151414
0samer5161,2862537670
0samer5161,2592631776
0samer5161,2800332935
0samer5161,2848338852
0samer5161,2862797597
0samer5161,2853568575
0samer5161,2882014836
0samer5161,2815429758
0samer5161,2864965165
0samer5161,2853434121
0samer5161,2880465002
0samer5161,2836045705
0samer5161,2716900852
0samer5161,531342871
0samer5161,2831106278
0samer5161,1038860466
0samer5161,404102292
0samer5161,918591811
0samer5161,1450062056
0samer5161,908745134
0samer5161,2790052841
0samer5161,138706071
0samer5161,2658029258
0samer5161,2171307611
0samer5161,2231523310
0samer5161,2823740911
0samer5161,351139510
0samer5161,578013958
0samer5161,2590084536
0samer5161,2706798793
0samer5161,2834934416
0samer5161,2842697370
0samer5161,2845309708
0samer5161,435126988
0samer5161,2875783266
0samer5161,2287629082
0samer5161,1874269021
0samer5161,1889466428
0samer5161,2807255156
0samer5161,2800993659
0samer5161,751321436
0samer5161,1076290609
0samer5161,607238670
0samer5161,2789608704
0samer5161,249904093
0samer5161,2355050605
0samer5161,2726324843
0samer5161,2790473066
0samer5161,2839480718
0samer5161,2847854604
0samer5161,2800465268
0samer5161,753443077
0samer5161,2866966356
0samer5161,2876666838
0samer5161,1701662198
0samer5161,2846239410
0samer5161,2840339119
0samer5161,2201609693
0samer5161,2826232716
0samer5161,2842701608
0samer5161,2821298348
0samer5161,2830228998
0samer5161,2787902924
0samer5161,2836356221
0samer5161,2835241275
0samer5161,2860813884
0samer5161,2836411883
0samer5161,2820090569
0samer5161,2838557690
0samer5161,2834855039
0samer5161,2836718726
0samer5161,2856507757
0samer5161,2760650346
0samer5161,2154225776
0samer5161,2823700721
0samer5161,2831890327
0samer5161,2851203757
0samer5161,2794514788
0samer5161,2826105316
0samer5161,2828711654
0samer5161,2794580027
0samer5161,2840029544
0samer5161,2797690751
0samer5161,2799269151
0samer5161,2798533591
0samer5161,1613704608
0samer5161,2740647979
0samer5161,2854973743
0samer5161,2766937708
0samer5161,2774761641
0samer5161,2838937692
0samer5161,2814543562
0samer5161,2816319658
0samer5161,2838946860
0samer5161,2705641429
0samer5161,2292992802
0samer5161,2735076798
0samer5161,2850105559
0samer5161,2795663344
0samer5161,2800409203
0samer5161,2794042381
0samer5161,2802288814
0samer5161,2790405760
0samer5161,2816823204
0samer5161,2838368594
0samer5161,2832876020
0samer5161,2808857680
0samer5161,2770303814
0samer5161,2700798480
0samer5161,2749320347
0samer5161,2750097561
0samer5161,2801155409
0samer5161,2842528590
0samer5161,2795516992
0samer5161,2844640922
0samer5161,2833072296
0samer5161,2821105894
0samer5161,2763184062
0samer5161,2839884307
0samer5161,2793149949
0samer5161,2842362319
0samer5161,2781776325
0samer5161,2843718175
0samer5161,2839388846
0samer5161,2790343787
0samer5161,2782124571
0samer5161,2794668855
0samer5161,2800242887
0samer5161,2837130937
0samer5161,2757084690
0samer5161,2793442745
0samer5161,2549709800
0samer5161,2820227762
0samer5161,2769817913
0samer5161,804407292
0samer5161,2741837821
0samer5161,1692205105
0samer5161,2832191149
0samer5161,2784470417
0samer5161,2837497243
0samer5161,2835786276
0samer5161,2799736456
0samer5161,2767862451
0samer5161,2834529264
0samer5161,2823161605
0samer5161,2828789588
0samer5161,2234828853
0samer5161,2834479860
0samer5161,2795351747
0samer5161,2809057202
0samer5161,2794640151
0samer5161,2769817415
0samer5161,2796412293
0samer5161,1912303381
0samer5161,2793845062
0samer5161,2357341527
0samer5161,2828566237
0samer5161,498092601
0samer5161,2811557982
0samer5161,248130182
0samer5161,2508923760
0samer5161,1360397954
0samer5161,2696077152
0samer5161,2716579508
0samer5161,2786519832
0samer5161,2401535078
0samer5161,2793550092
0samer5161,2616600834
0samer5161,1697303712
0samer5161,510338827
0samer5161,245256588
0samer5161,276206720
0samer5161,308568208
0samer5161,2835721561
0samer5161,572980824
0samer5161,1073730258
0samer5161,906771091
0samer5161,632881941
0samer5161,2795851065
0samer5161,2824255970
0samer5161,2769485404
0samer5161,2793462766
0samer5161,2814790752
0samer5161,2541531108
0samer5161,2794008862
0samer5161,2793981930
0samer5161,2795684430
0samer5161,2794050301
0samer5161,2794278514
0samer5161,2795048702
0samer5161,2835651978
0samer5161,2793413548
0samer5161,2836488757
0samer5161,2474263875
0samer5161,2248531156
0samer5161,2740078651
0samer5161,2176266035
0samer5161,1646345064
0samer5161,2485574242
0samer5161,2750003100
0samer5161,2770505063
0samer5161,2836759183
0samer5161,2172573294
0samer5161,2790450661
0samer5161,2794391435
0samer5161,2836041606
0samer5161,2701089954
0samer5161,988953151
0samer5161,2514566693
0samer5161,2817207674
0samer5161,2793397115
0samer5161,2794200217
0samer5161,1876464920
0samer5161,2806422842
0samer5161,2793157212
0samer5161,531877053
0samer5161,2793344451
0samer5161,2793522701
0samer5161,2794605700
0samer5161,2793405801
0samer5161,331934144
0samer5161,2764579227
0samer5161,2830732532
0samer5161,2633432694
0samer5161,2561834725
0samer5161,2626760510
0samer5161,2794032805
0samer5161,2794338306
0samer5161,2834650585
0samer5161,2826390738
0samer5161,2834944368
0samer5161,2798795614
0samer5161,1685242453
0samer5161,1264564356
0samer5161,2734299428
0samer5161,2752229394
0samer5161,473242064
0samer5161,607770250
0samer5161,2614298941
0samer5161,618407141
0samer5161,2772223870
0samer5161,1184097235
0samer5161,1059061597
0samer5161,1407442909
0samer5161,1205975640
0samer5161,2252136048
0samer5161,2762181852
0samer5161,2757830486
0samer5161,2804016601
0samer5161,2154457366
0samer5161,2692436348
0samer5161,308024131
0samer5161,2475084210
0samer5161,2771486531
0samer5161,2320247705
0samer5161,2822959146
0samer5161,715897608
0samer5161,2751526810
0samer5161,2798444600
0samer5161,2726928626
0samer5161,2210555491
0samer5161,2439820511
0samer5161,2782359956
0samer5161,2801663534
0samer5161,422187864
0samer5161,2798472818
0samer5161,1372754119
0samer5161,2826319452
0samer5161,2832278784
0samer5161,516932822
0samer5161,1619421702
0samer5161,2774788178
0samer5161,1888606039
0samer5161,943115496
0samer5161,477210390
0samer5161,339770545
0samer5161,1308861236
0samer5161,905203999
0samer5161,2817673021
0samer5161,1598614350
0samer5161,1332525966
0samer5161,2779060542
0samer5161,475716347
0samer5161,2273008364
0samer5161,431740905
0samer5161,1275103400
0samer5161,1880683345
0samer5161,1039487455
0samer5161,457815541
0samer5161,2197978288
0samer5161,2565237879
0samer5161,2337382314
0samer5161,2794844598
0samer5161,1949862793
0samer5161,2351063719
0samer5161,327482046
0samer5161,283071776
0samer5161,355759922
0samer5161,2805961591
0samer5161,381783065
0samer5161,2771562501
0samer5161,1938678967
0samer5161,1684223215
0samer5161,2679496022
0samer5161,2750455272
0samer5161,2771517411
0samer5161,716256054
0samer5161,2828233279
0samer5161,2776994232
0samer5161,2356070219
0samer5161,1593570109
0samer5161,2794847630
0samer5161,2701432033
0samer5161,468240784
0samer5161,601418254
0samer5161,383439257
0samer5161,2186079195
0samer5161,733477022
0samer5161,2303520914
0samer5161,2424068935
0samer5161,2763408448
0samer5161,2804321522
0samer5161,2534905031
0samer5161,531554289
0samer5161,2597787094
0samer5161,18109839
0samer5161,2797961521
0samer5161,2183082971
0samer5161,2310199925
0samer5161,2778269135
0samer5161,2592745779
0samer5161,2214011878
0samer5161,1876836374
0samer5161,1618818932
0samer5161,1012620816
0samer5161,865402362
0samer5161,2775884746
0samer5161,1269689132
0samer5161,2794500158
0samer5161,2656890348
0samer5161,2834466104
0samer5161,2540933198
0samer5161,2683944008
0samer5161,2721177100
0samer5161,2658667526
0samer5161,2790348480
0samer5161,756234206
0samer5161,2748139783
0samer5161,2502224148
0samer5161,2687327616
0samer5161,331344833
0samer5161,1154414784
0samer5161,451042867
0samer5161,532700952
0samer5161,393440365
0samer5161,1349548249
0samer5161,2735473258
0samer5161,2223868004
0samer5161,891233203
0samer5161,547761400
0samer5161,621862148
0samer5161,544290681
0samer5161,2731990408
0samer5161,536713690
0samer5161,1013471100
0samer5161,414296947
0samer5161,376805797
0samer5161,1905328975
0samer5161,417345114
0samer5161,2511049320
0samer5161,2740470847
0samer5161,1921934089
0samer5161,390873963
0samer5161,2714245910
0samer5161,2595013748
0samer5161,2800874149
0samer5161,2291698254
0samer5161,1209157164
0samer5161,2527542457
0samer5161,1522621855
0samer5161,301324445
0samer5161,483691888
0samer5161,184182363
0samer5161,132510092
0samer5161,12176352
0samer5161,2538442788
0samer5161,275576176
0samer5161,2712816055
0samer5161,2179043404
0samer5161,815010853
0samer5161,830872962
0samer5161,1633374026
0samer5161,2595880819
0samer5161,2653392986
0samer5161,2819545704
0samer5161,545008625
0samer5161,2436899660
0samer5161,509024250
0samer5161,2547687692
0samer5161,478344984
0samer5161,2741213853
0samer5161,1109105875
0samer5161,489875274
0samer5161,498865409
0samer5161,823889594
0samer5161,2178389545
0samer5161,2600775014
0samer5161,2782405013
0samer5161,2703817016
0samer5161,96083073
0samer5161,2518806466
0samer5161,538285556
0samer5161,2613236114
0samer5161,2709122808
0samer5161,2326831749
0samer5161,2769833111
0samer5161,2332031796
0samer5161,1965192380
0samer5161,1621919904
0samer5161,842307474
0samer5161,2160583220
0samer5161,2252150248
0samer5161,1545776756
0samer5161,1635393254
0samer5161,2333462898
0samer5161,2475814878
0samer5161,782294624
0samer5161,2239050468
0samer5161,1320998454
0samer5161,2207969783
0samer5161,2794461877
0samer5161,394136475
0samer5161,2833116204
0samer5161,2213107309
0samer5161,2732828474
0samer5161,2653943447
0samer5161,2511849607
0samer5161,833687617
0samer5161,2516628606
0samer5161,1490761117
0samer5161,2305160736
0samer5161,2730028896
0samer5161,2393755712
0samer5161,148711787
0samer5161,243711009
0samer5161,78010944
0samer5161,23573083
0samer5161,363137018
0samer5161,245953285
0samer5161,122969292
0samer5161,71758625
0samer5161,254470156
0samer5161,137270270
0samer5161,114775132
0samer5161,21481343
0samer5161,219255067
0samer5161,80233034
0samer5161,60598920
0samer5161,254152016
0samer5161,78626346
0samer5161,242245578
0samer5161,39615266
0samer5161,20120818
0samer5161,5536782
0samer5161,351528904
0samer5161,66591836
0samer5161,251600033
0samer5161,226098911
0samer5161,106710681
0samer5161,14556875
0samer5161,25049177
0samer5161,56355963
0samer5161,45522292
0samer5161,66959303
0samer5161,329442534
0samer5161,285735127
0samer5161,33332944
0samer5161,36636494
0samer5161,46636018
0samer5161,271890651
