1_hzam,3317304628
1_hzam,345431424
1_hzam,918591811
1_hzam,3244074124
1_hzam,3387578141
1_hzam,3295379990
1_hzam,384120146
1_hzam,3106592915
1_hzam,3349921480
1_hzam,524467582
1_hzam,3232303523
1_hzam,3285204145
1_hzam,54296198
1_hzam,1573552200
1_hzam,53059376
1_hzam,249904093
1_hzam,1013888300
1_hzam,3386056995
1_hzam,3157787996
1_hzam,3294676013
1_hzam,1525971265
1_hzam,3272087593
1_hzam,308568208
1_hzam,592134128
1_hzam,3191984828
1_hzam,1435111093
1_hzam,3131679299
1_hzam,425206781
1_hzam,3274693790
1_hzam,3385283428
1_hzam,2449286879
1_hzam,2280989136
1_hzam,3383727346
1_hzam,3279810822
1_hzam,3279213674
1_hzam,527173645
1_hzam,3248453000
1_hzam,1411573339
1_hzam,3362237339
1_hzam,2294933695
1_hzam,3220778323
1_hzam,3355900570
1_hzam,268355644
1_hzam,3058061979
1_hzam,471118381
1_hzam,572980824
1_hzam,3258701706
1_hzam,1956993739
1_hzam,718684993
1_hzam,3181123009
1_hzam,1617998246
1_hzam,538285556
1_hzam,632881941
1_hzam,3343294456
1_hzam,3257746501
1_hzam,1080297361
1_hzam,3233815064
1_hzam,339770545
1_hzam,301324445
1_hzam,3161789036
1_hzam,3254007572
1_hzam,3016724512
1_hzam,3256415315
1_hzam,2358249146
1_hzam,3246444477
1_hzam,3291391571
1_hzam,3059099303
1_hzam,3141992873
1_hzam,3133398516
1_hzam,2355050605
1_hzam,2912121086
1_hzam,2850528877
1_hzam,2831560599
1_hzam,2866414103
1_hzam,1467376428
1_hzam,1924243375
1_hzam,2563078640
1_hzam,2848755851
1_hzam,2758007584
1_hzam,2742358254
1_hzam,429833214
1_hzam,746041897
