__laith,3296352824
__laith,3294492914
__laith,3431956383
__laith,2741305346
__laith,3296353472
__laith,3308657528
__laith,3413190711
__laith,3289147898
__laith,3293174569
__laith,3427004133
__laith,3434458246
__laith,1351536110
__laith,3434214190
__laith,3437566588
__laith,1623960463
__laith,3437242300
__laith,3327409243
__laith,1714583935
__laith,3435108377
__laith,3272350405
__laith,3308293284
__laith,3281247276
__laith,3289059516
__laith,3322972951
__laith,3400682716
__laith,3424932784
__laith,3342974523
__laith,3322265222
__laith,3432151552
__laith,3322128866
__laith,3428998961
__laith,3323375172
__laith,3432721773
__laith,3323840867
__laith,3307158684
__laith,3432632565
__laith,3434821162
__laith,1897465026
__laith,3289178767
__laith,3203837979
__laith,3434763435
__laith,3434864704
__laith,3418165030
__laith,3323142198
__laith,3413969349
__laith,3381285347
__laith,3420866998
__laith,3319657734
__laith,3393457353
__laith,213752745
__laith,793522662
__laith,259414045
__laith,2354602908
__laith,2905568683
__laith,3222506677
__laith,3285521971
__laith,3161789036
__laith,3313507488
__laith,3428962666
__laith,3354115427
__laith,3342284218
__laith,3237878334
__laith,15986647
__laith,3408862984
__laith,3421822451
__laith,3318234368
__laith,3313997106
__laith,3244909236
__laith,3300605523
__laith,3371557624
__laith,3246444477
__laith,3338956438
__laith,3420434032
__laith,3256415315
__laith,3425749557
__laith,2778500759
__laith,3274877347
__laith,3309831984
__laith,180497839
__laith,3421006366
__laith,3169828270
__laith,3382799038
__laith,250880224
__laith,153206495
__laith,2772480107
__laith,3255059336
__laith,2878587527
__laith,3307832400
__laith,2402866519
__laith,3277642014
__laith,3310760406
__laith,433798772
__laith,82210857
__laith,357566806
__laith,3254775860
__laith,3258701706
__laith,3343710509
__laith,3169764501
__laith,3277738003
__laith,1207600356
__laith,3377654529
__laith,3220778323
__laith,2914307794
__laith,3181123009
__laith,225349142
__laith,2522147040
__laith,3307629132
__laith,1447956836
__laith,2798894960
__laith,3018667675
__laith,3289522270
__laith,2351920153
__laith,3305388417
__laith,3082194029
__laith,762663716
__laith,357770226
__laith,3189914615
__laith,3256018513
__laith,3179405383
__laith,2828233279
__laith,3178525306
__laith,3395328826
__laith,2913379689
__laith,3365054878
__laith,2722700204
__laith,3276372618
__laith,804071064
__laith,3288753308
__laith,3334421613
__laith,2759805077
__laith,3150204419
__laith,2769748206
__laith,3121528113
__laith,3272237370
__laith,1060803854
__laith,3139311097
__laith,3392930049
__laith,3302215292
__laith,34625802
__laith,3293604601
__laith,3043139382
__laith,3270298166
__laith,3094378202
__laith,1170895597
__laith,3364972565
__laith,3365034232
__laith,3364944297
__laith,1670917747
__laith,3364983137
__laith,1681801363
__laith,3295379990
__laith,3365032156
__laith,3255837331
__laith,3307561529
__laith,3157120274
__laith,3106592915
__laith,3283129832
__laith,2815133161
__laith,3321518507
__laith,67274597
__laith,3307598596
__laith,3233815064
__laith,3185929310
__laith,2549411665
__laith,3272268205
__laith,3254091788
__laith,3331943945
__laith,3272152752
__laith,3131679299
__laith,2304666746
__laith,3059540750
__laith,3274693790
__laith,3275239933
__laith,934827182
__laith,3225647888
__laith,3280026793
__laith,3306526144
__laith,3067310802
__laith,3386458715
__laith,3387677463
__laith,3384146553
__laith,1682399575
__laith,3288035645
__laith,3307492311
__laith,3278348947
__laith,2751471917
__laith,3052772646
__laith,3371042615
__laith,3244074124
__laith,3380159116
__laith,3278724482
__laith,3256721416
__laith,2835934746
__laith,1393223653
__laith,3138913219
__laith,614708580
__laith,377920712
__laith,527173645
__laith,2476273771
__laith,2949529714
__laith,3182485087
__laith,2827774038
__laith,598570343
__laith,3301321635
__laith,3274735572
__laith,2394462935
__laith,2276823275
__laith,3232303523
__laith,2719040859
__laith,451455407
__laith,526192926
__laith,3343294456
__laith,3168629432
__laith,3352507107
__laith,3254007572
__laith,3355900570
__laith,3136970276
__laith,3192442962
__laith,3160405411
__laith,382670424
__laith,2893917464
__laith,393350077
__laith,562484019
__laith,3198565412
__laith,3176145112
__laith,3323043467
__laith,3159644397
__laith,2608206516
__laith,3193601702
__laith,197752940
__laith,2264713725
__laith,3258159232
__laith,2261226425
__laith,3296784969
__laith,1543048010
__laith,3088167521
__laith,1426755853
__laith,3163684641
__laith,2469903506
__laith,2516591094
__laith,3157102279
__laith,2983468524
__laith,710025308
__laith,3182848364
__laith,3193031311
__laith,1013888300
__laith,3140615767
__laith,3063719201
__laith,750554190
__laith,583957965
__laith,2835696452
__laith,287223415
__laith,3060155784
__laith,3065113301
__laith,536485550
__laith,3150474794
__laith,3063392887
__laith,2901727447
__laith,3226016513
__laith,3182806400
__laith,3185515261
__laith,539860514
__laith,397601014
__laith,3151045691
__laith,2795654588
__laith,2946232423
__laith,289397182
__laith,308342476
__laith,705590440
__laith,2904116410
__laith,3106170174
__laith,1301372257
__laith,3153528551
__laith,988953151
__laith,3163415848
__laith,500524295
__laith,365697561
__laith,306979592
__laith,2994078067
__laith,2780030779
__laith,3068647420
__laith,2923076301
__laith,3073720942
__laith,138706071
__laith,2996153029
__laith,2513390326
__laith,2250600498
__laith,2923375974
__laith,2885565755
__laith,2998343081
__laith,2849253624
__laith,2802666864
__laith,3008405215
__laith,1300065980
__laith,2940090768
__laith,2726717416
__laith,2207237049
__laith,2988925639
__laith,2840266876
__laith,2965888062
__laith,2441749136
__laith,2982976811
__laith,2983014119
__laith,2744675805
__laith,2756749705
__laith,2860730695
__laith,2988952398
__laith,285546145
__laith,2961496099
__laith,421938616
__laith,625787177
__laith,2875098314
__laith,2890979504
__laith,1844444635
__laith,2786041578
__laith,2836974793
__laith,1697303712
__laith,1609253658
__laith,2795851065
__laith,2888462233
__laith,1696216040
__laith,1949862793
__laith,2792998341
__laith,2844076689
__laith,524717490
__laith,2841985052
__laith,2841680864
__laith,2513692849
__laith,2677927362
__laith,2380039516
__laith,2754390166
__laith,2378352907
__laith,2525949368
__laith,2847900869
__laith,2806374580
__laith,2856507757
__laith,2876666838
__laith,2766869610
__laith,2537992981
__laith,2763345824
__laith,475061587
__laith,2791623850
__laith,2518144285
__laith,2806345481
__laith,2790343787
__laith,2336869722
__laith,538285556
__laith,1970718139
__laith,2838937692
__laith,2733465817
__laith,1497310747
__laith,2614298941
__laith,2803073386
__laith,2775884746
__laith,2801770348
__laith,2407784407
__laith,2415246227
__laith,2244642001
__laith,2725855842
__laith,2719200696
__laith,2685316214
__laith,2688229177
__laith,2448546033
__laith,252752942
__laith,1036665499
__laith,550510212
__laith,2622957444
__laith,238152112
__laith,2279536584
__laith,2346889112
__laith,1498938114
__laith,739756177
__laith,2477197460
__laith,1115040432
__laith,2500040047
__laith,2500090056
__laith,2496338659
__laith,1920840054
__laith,2496455969
__laith,2206368545
__laith,1675448808
__laith,1129498688
__laith,1329754766
__laith,368829925
__laith,2171307611
__laith,2346922319
__laith,921446846
__laith,1878058916
__laith,1838646542
__laith,403714758
__laith,2430075481
__laith,2446348217
__laith,2264726839
__laith,2199851390
__laith,2352896468
__laith,2349035667
__laith,1968008558
__laith,2346956567
__laith,874946761
__laith,2323840726
__laith,970694539
__laith,2298954657
__laith,887156486
__laith,797762034
__laith,2326457987
__laith,2319913755
__laith,2221715314
__laith,2322383415
__laith,780788036
__laith,2283103128
__laith,1922216072
__laith,2267872989
__laith,2208406526
__laith,2291238792
__laith,597550401
__laith,2281741734
__laith,1015412108
__laith,553041281
__laith,2240368186
__laith,2246491673
__laith,1656123235
__laith,536215106
__laith,523588005
__laith,1100060083
__laith,1527684716
__laith,1023778362
__laith,2184208814
__laith,2161539494
__laith,283071776
__laith,2242333512
__laith,1888522292
__laith,772955743
__laith,1325516089
__laith,770189016
__laith,1872772776
__laith,2250233556
__laith,1876093135
__laith,2220035933
__laith,1450732556
__laith,1882153321
__laith,1354887578
__laith,747503382
__laith,1872180528
__laith,2225171861
__laith,2223992291
__laith,621764156
__laith,1383770624
__laith,541491301
__laith,1750547479
__laith,299879855
__laith,371194104
__laith,2207418197
__laith,1645358970
__laith,1973132443
__laith,2186959892
__laith,815927316
__laith,562843803
__laith,2212788145
__laith,2149415433
__laith,1578337609
__laith,1446716894
__laith,1555844418
__laith,1860960978
__laith,972329918
__laith,2169240191
__laith,218019697
__laith,1061238091
__laith,1604103098
__laith,773990023
__laith,1467887215
__laith,2163461104
__laith,1431144379
__laith,1496415224
__laith,1947257292
__laith,791425382
__laith,1205975640
__laith,1219839679
__laith,912333420
__laith,1908298902
__laith,521661790
__laith,386177604
__laith,1184484210
__laith,1071360697
__laith,450017984
__laith,301604983
__laith,949408950
__laith,1669721904
__laith,1535598804
__laith,1923588295
__laith,1921287655
__laith,700100201
__laith,1831670407
__laith,1242056785
__laith,831573674
__laith,1405110726
__laith,1150375580
__laith,858250945
__laith,501659439
__laith,925136659
__laith,416960482
__laith,490712001
__laith,1481325493
__laith,1675457803
__laith,1705215157
__laith,635890130
__laith,1697228340
__laith,1703785848
__laith,1702790300
__laith,547203521
__laith,569548394
__laith,1268321436
__laith,1634050170
__laith,357297920
__laith,397424668
__laith,1247261924
__laith,1425625939
__laith,1634448505
__laith,809124235
__laith,1573515966
__laith,462878876
__laith,456213081
__laith,1676885370
__laith,1219490502
__laith,1621133017
__laith,1672071104
__laith,534150164
__laith,324950289
__laith,492061876
__laith,1273368415
__laith,263456734
__laith,1408839606
__laith,1343948702
__laith,1535077170
__laith,516932822
__laith,1487535133
__laith,496454025
__laith,1648608534
__laith,1445718571
__laith,254381077
__laith,1437948067
__laith,610321057
__laith,1390843693
__laith,874094653
__laith,1347343668
__laith,1182148184
__laith,1496969047
__laith,1149863090
__laith,589645116
__laith,1367910726
__laith,1492978784
__laith,1561138734
__laith,1315187364
__laith,624251118
__laith,1176647413
__laith,743324790
__laith,504473828
__laith,437016938
__laith,567265204
__laith,891107972
__laith,1032573691
__laith,625905710
__laith,605254694
__laith,584897925
__laith,525717769
__laith,389597217
__laith,1205804065
__laith,900271572
__laith,917813720
__laith,971290428
__laith,1074598992
__laith,744176424
__laith,931985858
__laith,825232610
__laith,478063719
__laith,536751506
__laith,1102292808
__laith,1086009660
__laith,1146353736
__laith,1083162415
__laith,1123086474
__laith,746706422
__laith,1071370280
__laith,1136165275
__laith,492180390
__laith,1140489560
__laith,1095736368
__laith,939761276
__laith,1164797460
__laith,1148645305
__laith,1072690238
__laith,49359092
__laith,500034534
__laith,313074823
__laith,512502990
__laith,462435157
__laith,436174351
__laith,975841752
__laith,917851166
__laith,468818367
__laith,1023775064
__laith,750075818
__laith,390873963
__laith,256688105
__laith,1089538082
__laith,433111671
__laith,423817285
__laith,368648124
__laith,624257211
__laith,727298796
__laith,842991336
__laith,360350529
__laith,570484378
__laith,903906181
__laith,923213126
__laith,388755742
__laith,573457038
__laith,758116470
__laith,709618422
__laith,559643837
__laith,589034150
__laith,605053052
__laith,396833065
__laith,546569936
__laith,604818734
__laith,849264954
__laith,896256986
__laith,1051022778
__laith,1019506662
__laith,1060755200
__laith,900871298
