_sunbl,2949386267
_sunbl,1072915220
_sunbl,456980273
_sunbl,1466337127
_sunbl,2800540591
_sunbl,1689517110
_sunbl,582330773
_sunbl,1726711112
_sunbl,2202369407
_sunbl,716288349
_sunbl,1919984029
_sunbl,579380239
_sunbl,419042094
_sunbl,725209315
_sunbl,477983651
_sunbl,220557145
_sunbl,628826099
_sunbl,1911253152
_sunbl,1040782664
_sunbl,482831858
_sunbl,549631562
_sunbl,589548655
_sunbl,1684172623
_sunbl,1257578791
_sunbl,381001469
_sunbl,893581699
_sunbl,318846306
_sunbl,1716001321
_sunbl,508847723
_sunbl,157627958
_sunbl,1716495704
_sunbl,484010523
_sunbl,569964427
_sunbl,1633817876
_sunbl,406651086
_sunbl,1716852673
_sunbl,1176727286
_sunbl,286717215
_sunbl,1008431419
_sunbl,1721077356
_sunbl,1636522242
_sunbl,1450187180
_sunbl,527724783
_sunbl,493435376
_sunbl,1497883280
_sunbl,925850389
_sunbl,295083379
_sunbl,157851427
_sunbl,235904751
_sunbl,376876823
_sunbl,351151133
_sunbl,543703080
_sunbl,462019829
_sunbl,1349804479
_sunbl,1382808829
_sunbl,41333677
_sunbl,1545337093
_sunbl,486023178
_sunbl,1037904612
_sunbl,311832433
_sunbl,398947637
_sunbl,839846570
_sunbl,597882516
_sunbl,925798520
_sunbl,36308637
_sunbl,1109642882
_sunbl,950215135
_sunbl,803458506
_sunbl,716038506
_sunbl,484251124
_sunbl,492486748
_sunbl,234792564
_sunbl,1698356791
_sunbl,365579772
_sunbl,1027266146
_sunbl,1695702829
_sunbl,600590087
_sunbl,546247727
_sunbl,319743526
_sunbl,1031588287
_sunbl,1009705339
_sunbl,598312120
_sunbl,515434144
_sunbl,1559820456
_sunbl,1701870120
_sunbl,509458758
_sunbl,360440564
_sunbl,186549455
_sunbl,466203133
_sunbl,218478218
_sunbl,1647711548
_sunbl,553712374
_sunbl,630162873
_sunbl,244616192
_sunbl,1433922522
_sunbl,480882126
_sunbl,426027981
_sunbl,492133058
_sunbl,414987827
_sunbl,154953057
_sunbl,368238316
_sunbl,508540545
_sunbl,306134747
_sunbl,409891869
_sunbl,741985819
_sunbl,596025144
_sunbl,40625799
_sunbl,427516478
_sunbl,803390682
_sunbl,546261888
_sunbl,256065541
_sunbl,244230312
_sunbl,557704501
_sunbl,528839808
_sunbl,574086285
_sunbl,522560137
_sunbl,42606634
_sunbl,273865515
_sunbl,1694619608
_sunbl,474886468
_sunbl,1033248872
_sunbl,219255067
_sunbl,516828106
_sunbl,1700919696
_sunbl,802791510
_sunbl,1685523336
_sunbl,603021928
_sunbl,603106413
_sunbl,619293948
_sunbl,543770623
_sunbl,20837438
_sunbl,526718156
_sunbl,311940255
_sunbl,55227248
_sunbl,59881556
_sunbl,311291245
_sunbl,205269627
_sunbl,332164742
